"title","body","time"
"01234","01234","3/10/2020, 5:18:13 PM"
"b","5","3/10/2020, 3:18:35 PM"
"f","5","3/10/2020, 3:18:31 PM"
"d","5","3/10/2020, 3:18:26 PM"
"a","5","3/10/2020, 3:18:19 PM"
"0","text1","3/10/2020, 2:34:22 PM"
"12","text1","3/10/2020, 2:34:31 PM"
"56","56","3/10/2020, 2:40:54 PM"
"123","text1","3/10/2020, 2:34:34 PM"
"567","5677","3/10/2020, 2:41:01 PM"
"1234","text1","3/10/2020, 2:34:39 PM"
"5678","567","3/10/2020, 2:41:06 PM"
"12344","text1","3/10/2020, 2:34:47 PM"
"56789","5","3/10/2020, 2:41:16 PM"
"12344445","text1","3/10/2020, 2:34:53 PM"
"1234454564","text1","3/10/2020, 2:34:43 PM"
"123444451231243","text1","3/10/2020, 2:34:57 PM"